example_id,user_info,practice_log,goals,feedback
1,instrument: piano,• 연습 곡명 : Chopin Étude Op.10 No.1 | 평균 BPM : 108 | 연습 시간 : 40분 | 어려웠던 부분 : 빠른 RH 아르페지오에서 3–5지 음량 감소 | 기타 메모 : 손가락 독립 부족,2주 안에 RH 아르페지오를 120 BPM에서 균일한 터치·음량으로 연주,"1. 총평 및 구체 피드백
   빠른 속도에서도 1·2지에 비해 3–5지가 가볍게 떨어지는 현상이 들려요. 손끝이 건반에 안착되기 전에 팔이 먼저 움직여 버려 음량 차가 생깁니다. 손가락 독립성은 장기 훈련이지만, 오늘처럼 어려움을 인지한 시점이 개선의 출발점입니다.
2. 어려움 개선 팁
   • RH만 떼어 한 옥타브 구간을 4도·5도 간격으로 분할하여 4마디씩 반복 → 음 균질 확인
   • 각 패턴을 메트로놈 50 → 일 5 BPM씩 상승: 느린 속도에서 소리·손 모양 점검 후 속도를 올리세요.
3. 다음 연습 방법 제안
   - 양 손 분리→결합 단계 연습: 팔의 수평 이동을 의식해 ‘한 번에 한 방향’으로 슬라이드.
   - 매 4마디마다 녹음 후 파형으로 음량 편차 체크.
4. 주간 목표 달성 전략
   월–수 60 BPM 균등 소리 확보 → 목–토 80 BPM, 리듬 변형 → 일 100 BPM 테스트. 두 주 반복하면 목표 달성!"
2,instrument: piano,• 연습 곡명 : Beethoven Sonata Op.13 2악장 | 평균 BPM : 60 | 연습 시간 : 30분 | 어려웠던 부분 : 페달이 번져 LH와 선율 섞임 | 기타 메모 : 호흡 짧음,"한 문장(8마디)을 한 호흡으로 연결하고, 페달 교체 타이밍 정확히 잡기","1. 총평 및 구체 피드백
   선율을 아름답게 이끌어 가시지만 페달이 길게 머물러 화성이 흐릿해져요. 악구의 핵심 음가에 따라 ‘미세 교체’가 필요합니다.
2. 어려움 개선 팁
   • 아웃라인 연습: 베이스+최고음만 눌러 8마디 큰 호흡 그리기.
   • Rhythm Talk: “Li-ttle” 속삭이며 턱·어깨 긴장 해제.
3. 다음 연습 방법 제안
   - 페달 없이 노래하듯 → ¼ 페달 → 전 페달 단계적 적용.
   - LH 알베르티 스타카토-풀어치기 교차로 타이밍 감각 강화.
4. 주간 목표 달성 전략
   월·수·금 아웃라인+무페달, 화·목 ¼ 페달, 토 테스트, 일 호흡 점검."
3,instrument: piano,• 연습 곡명 : Czerny “School of Velocity” No.3 | 평균 BPM : 120 | 연습 시간 : 25분 | 어려웠던 부분 : 엄지 통과 시 손목 굳음 | 기타 메모 : 관절이 자주 꺾임,"1주일 안에 132 BPM, 힘 빼고 매끄러운 엄지 이동 확보","1. 총평 및 구체 피드백
   손목이 올라간 상태에서 엄지가 통과하며 ‘점프’가 생겨요. 이는 co‑contraction 때문이라 속도·톤 모두 막힙니다.
2. 어려움 개선 팁
   • 어깨 높이 힘 빼고 자연 곡선 기억하기.
   • 관절 꺾이면 60 BPM로 내려 글라이딩 감각 복원.
3. 다음 연습 방법 제안
   - 16분음표 3‑1 리듬으로 확대 연습.
   - 흰 건반/검은 건반 따로 연습해 손목 회전 범위 축소.
4. 주간 목표 달성 전략
   하루 5분 글라이드 스케일, 패턴 4회 반복 후 +4 BPM, 종료 전 영상 확인."
4,instrument: piano,• 연습 곡명 : Mozart Sonata K.545 1악장 | 평균 BPM : 115 | 연습 시간 : 35분 | 어려웠던 부분 : 2–3지 트릴 속도·균일도 부족 | 기타 메모 : 손목 긴장,한 주 안에 132 BPM에서 2–3지 트릴 2초 이상 균일 유지,"1. 총평 및 구체 피드백
   손목 고정으로 forearm rotation을 못 써 소리가 끊깁니다.
2. 어려움 개선 팁
   • Repeated‑note→트릴 전환으로 감각 유지.
   • forearm 15° 회전하며 speed‑assist 체험.
3. 다음 연습 방법 제안
   - 2:1→1:2→동등 트릴 단계 변형.
   - LH와 크레셴도‑디미누엔도 대비.
4. 주간 목표 달성 전략
   월–목 손 분리 60→80 BPM, 금 양손 결합, 토·일 132 BPM 완주."
5,instrument: piano,"• 연습 곡명 : 한 옥타브 C장조 스케일 4옥타브 | 평균 BPM : 96 | 연습 시간 : 20분 | 어려웠던 부분 : 양손 어긋남, 4지 knuckle 가라앉음","110 BPM에서 양손 완벽 싱크, 크레셴도·디미누엔도 자연스럽게","1. 총평 및 구체 피드백
   손등 브리지 지지 부족으로 타이밍 흔들립니다.
2. 어려움 개선 팁
   • 팔 떨군 뒤 자연 곡선 상태 유지.
   • LH‑legato / RH‑staccato 교차로 재정렬.
3. 다음 연습 방법 제안
   - 글라이딩 스케일로 옥타브마다 음량 5% 증·감.
   - 녹음 파형으로 상승·하강 균형 체크.
4. 주간 목표 달성 전략
   월·수·금 분산 연습, 화·목 articulation 교차, 토 110 BPM 리허설."
6,instrument: piano,• 연습 곡명 : Bach WTC I Prelude in C | 평균 BPM : 70 | 연습 시간 : 45분 | 어려웠던 부분 : 암보 중 화음 진행 헷갈림 | 기타 메모 : LH 위치 불안,"3일 후 레슨에서 악보 없이 전 곡 암보, 흐름 끊김 없이 연주","1. 총평 및 구체 피드백
   화음을 베이스–최고음 뼈대부터 귀에 심어야 해요.
2. 어려움 개선 팁
   • 1박 베이스+최고음으로 Chorale Outline.
   • Rhythm Talk로 2‑마디 호흡 확보.
3. 다음 연습 방법 제안
   - 암보 전 transposition 연습으로 화성 기억 강화.
4. 주간 목표 달성 전략
   Day1 outline, Day2 16음 패턴, Day3 녹음·리허설."
7,instrument: piano,• 연습 곡명 : Schumann Kinderszenen Op.15 No.1 | 평균 BPM : 132 | 연습 시간 : 30분 | 어려웠던 부분 : 3/4 박 비트 흔들림 | 기타 메모 : 메트로놈 사용 시 더 어긋남,메트로놈 90에서 3/4 내적 비트 확립,"1. 총평 및 구체 피드백
   3/4에서 느끼는 속도보다 8‑10 BPM 빠르게 출발해 무너집니다.
2. 어려움 개선 팁
   • 메트로놈 45로 쪼개 스냅.
   • 2‑3박 LH‑RH 스타카토 교차.
3. 다음 연습 방법 제안
   - 1‑(쉼)‑3 구호로 첫 박 강세.
4. 주간 목표 달성 전략
   월‑화 60 BPM, 수‑목 75 BPM, 금 90 BPM, 주말 메트로놈 OFF."
8,instrument: piano,• 연습 곡명 : Liszt “La Campanella” | 평균 BPM : 152 | 연습 시간 : 30분 | 어려웠던 부분 : RH 아르페지오 1→5지 전환 끊김 | 기타 메모 : 팔꿈치 처짐,10일 안에 160 BPM RH 아르페지오 부드럽게,"1. 총평 및 구체 피드백
   Thumb‑Under만 고집해 팔꿈치가 내려가고 손등 라인 무너집니다.
2. 어려움 개선 팁
   • Thumb‑Over 드릴 70 BPM.
   • Arm‑Shift 루프 C‑E‑G 반복.
3. 다음 연습 방법 제안
   - 70→160 BPM, 전환 방식 3회씩.
   - 팔꿈치 높이 영상 체크.
4. 주간 목표 달성 전략
   월–목 전환별 5분, 금 오류 표시, 주말 160 BPM 완주."
9,instrument: piano,• 연습 곡명 : Debussy “Clair de lune” | 평균 BPM : 66 | 연습 시간 : 40분 | 어려웠던 부분 : 하프-페달 깊이 불안 | 기타 메모 : 발목 긴장,1주일 내 하프-페달 깊이(¼–½) 정확히 조절,"1. 총평 및 구체 피드백
   풀‑다운/업 2단계만 사용해 울림 층이 단조롭습니다.
2. 어려움 개선 팁
   • 발목을 스프링처럼 활용.
   • Quarter‑Pedal 저음 테스트.
3. 다음 연습 방법 제안
   - Syncopated → ¼‑Pedal 교체 실험.
   - 후반 ½‑Pedal + Flutter Pedal.
4. 주간 목표 달성 전략
   월–수 깊이 구분, 목–금 Pedal Map, 토 페달링 집중, 일 녹음."
10,instrument: piano,• 연습 곡명 : Beethoven Sonata Op.57 3악장 트릴 | 평균 BPM : 144 | 연습 시간 : 25분 | 어려웠던 부분 : 45초 이상 트릴 시 손목 경직 | 기타 메모 : 어깨·팔 경직,2주 내 60초 트릴을 긴장 없이 유지,"1. 총평 및 구체 피드백
   연구에 따르면 짧고 빈번한 고강도 세션이 지구력 향상에 효과적입니다.
2. 어려움 개선 팁
   • Wrist Float 2 mm 흔들어 순환 확보.
   • 스트레칭 30초 → 20초 트릴 ×3.
3. 다음 연습 방법 제안
   - 15″ 트릴 → 45″ 휴식 10세트.
   - 3–4·4–3 지 트릴 단계 확장.
4. 주간 목표 달성 전략
   1주차 30″, 2주차 60″ + 크레셴도‑디미누엔도, 세션 후 아이싱."
