example_id,user_info,practice_log,goals,feedback
1,instrument: piano,• 연습 곡명 : Chopin Étude Op.10 No.1 | 평균 BPM : 108 | 연습 시간 : 40분 | 어려웠던 부분 : 빠른 RH 아르페지오에서 3–5지 음량 감소 | 기타 메모 : 손가락 독립 부족,2주 안에 RH 아르페지오를 120 BPM에서 균일한 터치·음량으로 연주,"1. 총평 및 구체 피드백
   빠른 템포에서 연주할 때, 3–5번 손가락의 음량이 1·2번 손가락보다 약해지는 경향이 있습니다. 원인은 손끝이 건반에 충분히 안착되기 전에 팔이 미리 움직이면서 생기는 음량 불균형입니다. 손가락의 독립성은 장기간의 꾸준한 연습이 필요하지만, 오늘처럼 본인의 어려움을 인지하고 기록하는 것이 좋은 개선의 시작점입니다.
2. 어려움 개선 팁
   • 오른손만 따로 떼어서 연습하되, 한 옥타브 구간을 4도 또는 5도 간격으로 나누어 4마디씩 반복하면서 음의 균일성을 체크해 보세요.
   • 메트로놈을 50 BPM부터 시작해서 매일 5 BPM씩 천천히 속도를 올리면서 연습해 보세요. 느린 템포에서 손가락 모양과 소리를 꼼꼼히 점검한 후, 점진적으로 빠르게 진행하면 효과적입니다.
3. 다음 연습 방법 제안
   - 먼저 양손을 분리한 상태에서 충분히 연습한 후, 양손을 결합하는 단계로 진행해 보세요. 팔의 수평 이동을 명확히 의식하고, 한 번에 한 방향으로 자연스럽게 움직이는 것이 포인트입니다.
   - 매 4마디씩 연주한 후에 녹음을 하고, 녹음된 파형을 보면서 음량의 편차를 직접 확인하면 더 객관적으로 연습 효과를 점검할 수 있습니다.
4. 주간 목표 달성 전략
   남은 시간 동안 점진적으로 템포를 증가시키는 연습을 꾸준히 반복하면 주간 목표를 충분히 달성할 수 있을 거예요!"
2,instrument: piano,• 연습 곡명 : Beethoven Sonata Op.13 2악장 | 평균 BPM : 60 | 연습 시간 : 30분 | 어려웠던 부분 : 페달이 번져 LH와 선율 섞임 | 기타 메모 : 호흡 짧음,"한 문장(8마디)을 한 호흡으로 연결하고, 페달 교체 타이밍 정확히 잡기","1. 총평 및 구체 피드백
   페달을 조금 길게 밟고 있어서 화성의 윤곽이 뚜렷하지 않고 흐려지는 경향이 있습니다. 화성의 변화와 중요한 음을 중심으로 미세하게 페달을 교체해주시면 더욱 깨끗하고 아름다운 연주가 될 거예요.
2. 어려움 개선 팁
   • 아웃라인 연습: 먼저 베이스 음과 가장 높은 음만 따로 눌러보면서 8마디씩 큰 흐름과 호흡을 몸으로 익혀보세요. 전체적인 악구의 윤곽이 더 뚜렷해질 거예요.
   • 리듬 톡(Rhythm Talk): 연주 중에 긴장이 느껴질 때, ""리틀(Li-ttle)""이라는 단어를 작게 속삭이면서 턱과 어깨에 쌓인 긴장을 풀어 보세요. 훨씬 더 자연스러운 연주가 가능합니다.
3. 다음 연습 방법 제안
   - 처음에는 페달을 밟지 않고 마치 노래하듯이 자연스럽게 연주한 뒤, ¼ 페달(약간만 밟기)을 거쳐 마지막으로 전체 페달을 단계적으로 적용해 보세요.
   - 왼손의 알베르티 베이스 패턴을 스타카토(짧게 끊어 연주)와 레가토(부드럽게 이어서 연주)를 교차하며 연습하면 리듬과 타이밍 감각이 좋아질 거예요.
4. 주간 목표 달성 전략
   ¼ 페달을 사용해서 미세한 소리의 변화를 익혀 보세요."
3,instrument: piano,• 연습 곡명 : Czerny “School of Velocity” No.3 | 평균 BPM : 120 | 연습 시간 : 25분 | 어려웠던 부분 : 엄지 통과 시 손목 굳음 | 기타 메모 : 관절이 자주 꺾임,"1주일 안에 132 BPM, 힘 빼고 매끄러운 엄지 이동 확보","1. 총평 및 구체 피드백
   연주할 때 손목이 살짝 높게 올라가면서 엄지가 건반 아래로 통과할 때마다 손이 불필요하게 '점프'하는 현상이 있어요. 이렇게 되면 손과 팔의 근육이 동시에 긴장(co-contraction)하게 되어, 소리의 매끄러움과 속도 모두 방해받게 됩니다. 이를 개선하면 훨씬 편안한 연주가 가능해질 거예요.
2. 어려움 개선 팁
   • 연주하기 전에 어깨의 긴장을 푸는 습관을 들이고, 손과 팔이 자연스러운 곡선을 유지할 수 있도록 천천히 기억해 보세요.
   • 만약 연주 중에 관절이 꺾이거나 긴장감이 느껴진다면 속도를 60 BPM 정도로 천천히 낮춰서, 손이 건반 위를 미끄러지듯 자연스럽게 이동하는 '글라이딩' 감각을 되살려 보세요.
3. 다음 연습 방법 제안
   - 16분음표를 연습할 때 3-1 리듬(세 음을 길게, 한 음을 짧게)을 사용하여 확대 연습을 진행해 보세요. 리듬의 변화를 통해 자연스럽게 손의 긴장이 완화될 수 있어요.
   - 흰 건반과 검은 건반을 따로 연습해서 손목의 움직임 범위를 좁혀보세요. 이렇게 나누어 연습하면 손목의 회전 동작이 훨씬 편안하고 효율적이 될 겁니다.
4. 주간 목표 달성 전략
   매일 5분씩 글라이드 스케일 연습을 꾸준히 진행하세요. 각 연습 패턴은 4회씩 반복한 후 메트로놈 속도를 4 BPM씩 천천히 높여 나가세요. 매 연습이 끝나기 전에 짧게 연주를 영상으로 녹화해 보며 개선된 모습을 직접 눈으로 확인하면 더욱 동기부여가 될 겁니다."
4,instrument: piano,• 연습 곡명 : Mozart Sonata K.545 1악장 | 평균 BPM : 115 | 연습 시간 : 35분 | 어려웠던 부분 : 2–3지 트릴 속도·균일도 부족 | 기타 메모 : 손목 긴장,한 주 안에 132 BPM에서 2–3지 트릴 2초 이상 균일 유지,"1. 총평 및 구체 피드백
   연주할 때 손목이 고정되어 팔의 회전(forearm rotation)이 충분히 활용되지 못하고 있어요. 이로 인해 소리가 매끄럽게 연결되지 않고 자꾸 끊어지게 됩니다. 손목의 움직임을 조금만 더 유연하게 풀어주면 더 부드럽고 일정한 소리를 만들 수 있습니다.
2. 어려움 개선 팁
   • 반복음을 연습하다가 자연스럽게 트릴로 연결해 보면서 손목과 팔의 회전 감각을 유지해 보세요.
   • 연습 중 팔뚝을 좌우로 약 15° 정도 부드럽게 회전시키면서 속도가 자연스럽게 증가하는 것을 경험해 보세요. 이 과정을 통해 손목과 팔의 긴장을 효과적으로 풀 수 있습니다.
3. 다음 연습 방법 제안
   - 트릴 연습 시 음의 길이를 2:1 → 1:2 → 동일한 길이로 점진적으로 변형해 가며 연습하세요. 이렇게 하면 균일한 트릴의 속도와 리듬감을 얻을 수 있습니다.
   - 왼손을 크레셴도(점점 세게)와 디미누엔도(점점 여리게)로 표현하면서 오른손의 트릴과 대비시키는 연습을 하면 소리의 균형과 음악적 표현력도 함께 좋아질 거예요.
4. 주간 목표 달성 전략
   속도를 80 BPM까지 올려 트릴의 균일성을 유지하고, 속도가 빨라졌을 때도 forearm rotation을 잊지 않도록 주의하세요."
5,instrument: piano,"• 연습 곡명 : 한 옥타브 C장조 스케일 4옥타브 | 평균 BPM : 96 | 연습 시간 : 20분 | 어려웠던 부분 : 양손 어긋남, 4지 knuckle 가라앉음","110 BPM에서 양손 완벽 싱크, 크레셴도·디미누엔도 자연스럽게","1. 총평 및 구체 피드백
   연주할 때 손등의 브리지(손가락 관절 부분)에서의 지지력이 조금 부족해 타이밍이 불안정해지고 있습니다. 이 부분이 보완되면 양손의 타이밍과 소리 균형이 훨씬 좋아질 거예요.
2. 어려움 개선 팁
   • 연주 전 팔을 가볍게 내린 상태에서 손등의 자연스러운 곡선을 유지하는 감각을 익혀보세요.
   • 왼손은 레가토로 부드럽게 연주하고, 오른손은 스타카토로 짧게 끊어서 연주하며 양손의 타이밍과 손등의 균형감을 다시 정렬해 보세요.
3. 다음 연습 방법 제안
   - 글라이딩 스케일을 연습할 때, 옥타브마다 음량을 5%씩 증가하거나 감소시키며 크레셴도와 디미누엔도의 자연스러운 흐름을 몸에 익혀 보세요.
   - 연습한 내용을 녹음하고, 녹음된 소리의 파형을 직접 보면서 음량의 균형이 고르게 잘 나타나는지 객관적으로 점검해 보세요.
4. 주간 목표 달성 전략
   양손을 분리한 상태에서, 분산 연습을 통해 양손의 독립성과 타이밍 정확도를 향상시키세요. 템포는 70~90 BPM에서 차근차근 높여가며 연습하세요."
6,instrument: piano,• 연습 곡명 : Bach WTC I Prelude in C | 평균 BPM : 70 | 연습 시간 : 45분 | 어려웠던 부분 : 암보 중 화음 진행 헷갈림 | 기타 메모 : LH 위치 불안,"3일 후 레슨에서 악보 없이 전 곡 암보, 흐름 끊김 없이 연주","1. 총평 및 구체 피드백
   연주할 때 화음의 뼈대가 되는 베이스와 가장 높은 음이 확실하게 자리 잡히지 않아 전체적인 화성의 윤곽이 조금 불명확합니다. 베이스와 최고음을 귀에 확실히 심어주면 더 안정적이고 음악적으로 표현력 있는 연주가 가능합니다.
2. 어려움 개선 팁
   • 각 화음의 첫 박을 연습할 때, 베이스 음과 최고음만을 사용해 코랄(Chorale) 스타일로 선명한 윤곽을 잡아보세요. 전체적인 화성 구조를 쉽게 기억할 수 있습니다.
   • ""리듬 톡(Rhythm Talk)"" 연습을 통해 2마디 단위의 자연스러운 음악적 호흡을 확보해 보세요. 이렇게 하면 더욱 자연스럽고 여유 있는 연주가 가능합니다.
3. 다음 연습 방법 제안
   - 암보 연습을 하기 전에 조성을 이동(transposition)하여 연습해보세요. 다양한 키에서 연습함으로써 화성 구조에 대한 기억력을 더욱 강화할 수 있습니다.
4. 주간 목표 달성 전략
   16분음표 패턴을 활용해 세부적인 음의 움직임을 더욱 정확히 하면서 전체적인 리듬과 화성의 연결감을 높이세요. 다양한 속도로 차근차근 연습하면 좋습니다."
7,instrument: piano,• 연습 곡명 : Schumann Kinderszenen Op.15 No.1 | 평균 BPM : 132 | 연습 시간 : 30분 | 어려웠던 부분 : 3/4 박 비트 흔들림 | 기타 메모 : 메트로놈 사용 시 더 어긋남,메트로놈 90에서 3/4 내적 비트 확립,"1. 총평 및 구체 피드백
   연주할 때 본인이 느끼는 편안한 속도보다 약 8–10 BPM 정도 더 빠르게 시작하는 경향이 있어 중간에 무너지는 현상이 나타납니다. 처음부터 너무 빠르게 연주하지 말고, 속도를 낮춰 편안한 템포를 먼저 몸에 익힌 후 단계적으로 올려나가면 안정된 연주가 가능합니다.
2. 어려움 개선 팁
   • 메트로놈을 45 BPM 정도로 천천히 설정하고 박자를 세부적으로 쪼개면서, 손목의 자연스러운 스냅 동작을 익혀 보세요. 이렇게 하면 타이밍과 리듬이 안정될 수 있어요.
   • 두 번째, 세 번째 박에서는 왼손(LH)과 오른손(RH)을 스타카토로 교차하며 연습하면 음의 명확성과 리듬감이 동시에 개선됩니다.
3. 다음 연습 방법 제안
   - 첫 박에 강세를 명확히 주기 위해 연주하면서 “1–(쉼)–3”과 같은 구호를 사용해 보세요. 이런 연습을 하면 리듬의 중심이 뚜렷해지고, 박자를 놓치는 일이 줄어들 거예요.
4. 주간 목표 달성 전략
   속도를 조금 올려서 손의 움직임과 리듬감을 조금 더 견고히 하고, 박자와 타이밍이 흔들리지 않도록 유지하세요. 스냅과 스타카토 연습을 계속 진행해 주세요"
8,instrument: piano,• 연습 곡명 : Liszt “La Campanella” | 평균 BPM : 152 | 연습 시간 : 30분 | 어려웠던 부분 : RH 아르페지오 1→5지 전환 끊김 | 기타 메모 : 팔꿈치 처짐,10일 안에 160 BPM RH 아르페지오 부드럽게,"1. 총평 및 구체 피드백
   지금 연주에서는 Thumb-Under만 계속 사용하는 습관이 있어서 팔꿈치가 너무 아래로 떨어지고, 손등의 라인이 무너지는 모습이 보여요. 손과 팔의 연결이 자연스럽지 않으면 음의 흐름도 막히게 되기 때문에, 다양한 전환 방식을 활용해 손의 움직임을 더 유연하게 만들어주는 것이 중요합니다.
2. 어려움 개선 팁
   • Thumb-Over 드릴을 70 BPM에서 천천히 반복하면서, 손가락이 아닌 팔의 자연스러운 이동으로 음을 연결하는 감각을 길러보세요. 손을 '밀어 넣는' 대신 '손 전체가 옮겨간다'는 느낌으로요.
   • C–E–G 음을 중심으로 Arm-Shift 루프 연습을 반복하며, 팔꿈치를 살짝 들어 올린 채로 손등이 평평하게 유지되도록 의식적으로 움직임을 조절해 보세요.
3. 다음 연습 방법 제안
   - Thumb-Under / Thumb-Over / Arm-Shift, 세 가지 전환 방식을 각각 3회씩 반복하면서 70 BPM부터 시작해 최대 160 BPM까지 점진적으로 속도를 올려보세요.
   - 연습 중간에 손등 라인과 팔꿈치의 높이를 영상으로 확인하면서 자세가 무너지지 않았는지 체크해 보세요. 본인 스스로 보면서 조정하는 것이 가장 빠른 학습입니다.
4. 주간 목표 달성 전략
   160 BPM에서 연주를 연결하며 전환의 흐름과 손의 균형을 최종 점검하세요. 속도에 흔들리지 않고 손등 라인을 유지할 수 있다면 훌륭한 진전입니다."
9,instrument: piano,• 연습 곡명 : Debussy “Clair de lune” | 평균 BPM : 66 | 연습 시간 : 40분 | 어려웠던 부분 : 하프-페달 깊이 불안 | 기타 메모 : 발목 긴장,1주일 내 하프-페달 깊이(¼–½) 정확히 조절,"1. 총평 및 구체 피드백
   현재 풀-다운/업 두 단계만 사용하는 패턴은 울림이 다소 단조롭게 느껴질 수 있어요. 페달의 깊이 조절을 좀 더 섬세하게 가져가면 사운드에 훨씬 더 입체감이 생깁니다.
2. 어려움 개선 팁
   • 페달링 시 발목을 스프링처럼 유연하게 활용해 보세요.
   • 저음에서는 Quarter-Pedal로 울림을 조절해 보는 것도 좋은 훈련이 됩니다.
3. 다음 연습 방법 제안
   - Syncopated 리듬과 ¼-Pedal을 조합해 실험해 보세요.
   - 곡의 후반부에는 ½-Pedal과 Flutter Pedal을 병행해 다양한 층을 만들어 봅시다.
4. 주간 목표 달성 전략
   이번 주, 페달 컨트롤이 한 단계 더 발전할 수 있는 중요한 시기예요. 자신 있게 도전해 보세요!"
10,instrument: piano,• 연습 곡명 : Beethoven Sonata Op.57 3악장 트릴 | 평균 BPM : 144 | 연습 시간 : 25분 | 어려웠던 부분 : 45초 이상 트릴 시 손목 경직 | 기타 메모 : 어깨·팔 경직,2주 내 60초 트릴을 긴장 없이 유지,"1. 총평 및 구체 피드백
   연구 결과에 따르면 짧고 자주 반복되는 고강도 세션이 지구력 향상에 특히 효과적이라고 해요. 이 방식은 피로 누적을 줄이면서도 집중도를 높이는 데 도움이 됩니다.
2. 어려움 개선 팁
   • 손목을 2mm 정도 살짝 흔들며 Wrist Float을 연습해 혈류와 순환을 유지하세요.
   • 간단한 스트레칭 30초 후, 20초 트릴 ×3세트로 워밍업을 하면 준비가 훨씬 수월해집니다.
3. 다음 연습 방법 제안
   - 15초 트릴 → 45초 휴식의 루틴을 10세트 반복해 보세요.
   - 손가락 조합은 3–4, 4–3 순으로 확장하며 트릴의 난도를 점진적으로 높여주세요.
4. 주간 목표 달성 전략
   세션 후엔 반드시 손 아이싱으로 회복 시간을 챙기면 좋아요."